;Start;0.25*L;0.5*L;0.75*L;End
0;-9.947598300641403e-14;-10.00000000000005;-20.0;-29.99999999999995;-39.9999999999999
1;0.0;-2.9312238940215813;-5.862447788043163;-8.793671682064744;-11.724895576086325
2;-11.724895576086322;-4.656119470107899;2.4126566358705244;9.481432741848948;16.55020884782737
3;-39.99999999999999;19.44340342105623;38.88680684211245;18.330210263168674;-42.2263863157751
4;-42.2263863157751;-8.232289736831326;10.136806842112449;12.880903421056225;3.552713678800501e-15
5;0.0;37.50000000000001;50.00000000000001;37.50000000000001;-0.0
