;Start;0.25*L;0.5*L;0.75*L;End
0;-5.684341886080802e-14;-10.000000000000028;-20.0;-29.99999999999997;-39.99999999999994
1;0.0;-2.9312238940215796;-5.862447788043159;-8.793671682064739;-11.724895576086318
2;-11.72489557608631;-4.6561194701078925;2.4126566358705244;9.481432741848943;16.550208847827356
3;-39.999999999999986;19.44340342105623;38.886806842112456;18.33021026316868;-42.2263863157751
4;-42.22638631577509;-8.232289736831316;10.136806842112456;12.880903421056225;3.552713678800501e-15
5;0.0;37.50000000000001;50.00000000000001;37.50000000000001;-0.0
