;Start;End
0;1.4210854715202004e-14;1.4210854715202004e-14
1;-59.721701710528095;-59.721701710528095
2;-59.72170171052812;-59.72170171052812
3;-5.862447788043152;-5.862447788043152
4;-68.08961603284044;-68.08961603284044
5;31.587206473710097;-57.855512626281495
