;Start;End
0;19.99999999999983;19.99999999999983
1;5.86244778804316;5.86244778804316
2;-14.137552211956837;-14.137552211956837
3;-39.721701710528116;40.278298289471884
4;-33.44527726315502;16.55472273684498
5;-22.360679774997898;22.360679774997898
