;UX;ZX;RX
0;0.0008267780521745937;0.00033657779651097546;0.0006960562657993806
1;0.0008267780521745941;-0.002388868068421124;0.0026960562657993804
2;0.0014250348079712272;-0.0011944340342105624;0.00048253132717410467
3;0.0;0.0;0.0
4;0.0005922801406528676;-0.0038113908965628756;-0.0021919998043789355
5;0.0;0.0;-0.0020520698921018283
