;UX;ZX;RX
0;0.0008267780521745939;0.0003365777965109718;0.0006960562657993801
1;0.0008267780521745942;-0.002388868068421124;0.0026960562657993804
2;0.001425034807971227;-0.001194434034210562;0.0004825313271741048
3;0.0;0.0;0.0
4;0.0005922801406528681;-0.003811390896562876;-0.002191999804378935
5;0.0;0.0;-0.0020520698921018287
