;Start;End
0;5.684341886080802e-14;5.684341886080802e-14
1;-59.72170171052812;-59.72170171052812
2;-59.72170171052812;-59.72170171052812
3;-5.862447788043159;-5.862447788043159
4;-68.08961603284042;-68.08961603284042
5;31.587206473710093;-57.855512626281495
