;UX;ZX;RX
0;0.0008267780521745934;0.00033657779651097286;0.0006960562657993804
1;0.0008267780521745939;-0.002388868068421125;0.0026960562657993804
2;0.0014250348079712276;-0.0011944340342105624;0.00048253132717410467
3;0.0;0.0;0.0
4;0.0005922801406528675;-0.0038113908965628756;-0.002191999804378936
5;0.0;0.0;-0.0020520698921018283
